nbr,titre,date_pub,niveau,critere,chemin
1,La Tragédie Grecque,09/11/2001,0,Philo,<a href="mes_Travaux\html\0_Tragédie_Grecque_09112001.html"  rel="noopener" target"_blank">Ouvrir</a>
2,Le difficile partage des origines,05/03/2004,0,Spiritualité,<a href="mes_Travaux\html\0_Difficile_partage_des_origines_050304.html"  rel="noopener" target"_blank">Ouvrir</a>
3,Introduction à la Kabbale,19/3/2004,0,Symbolisme,<a href="mes_Travaux\html\0_Introduction à la Kabbale_190304.html"  rel="noopener" target"_blank">Ouvrir</a>
4,Rationnel et Raisonnable,13/09/2008,0,Philo,<a href="mes_Travaux\html\0_Rationnel_et_Raisonnable_13092008.html"  rel="noopener" target"_blank">Ouvrir</a>
5,Le labyrinthe et sa fonction symbolique,14/03/2009,0,Symbolisme,<a href="mes_Travaux\html\0_Labyrinthe_La_Fonction_Symbolique_14032009.html"  rel="noopener" target"_blank">Ouvrir</a>
6,L'inquiétude morale,11/12/2010,0,Spiritualité,<a href="mes_Travaux\html\0_Inquiétude_morale_11122010.html"  rel="noopener" target"_blank">Ouvrir</a>
7,Mon_Judaïsme,25/01/2011,0,Religion,<a href="mes_Travaux\html\0_Mon_Judaisme_250111.html"  rel="noopener" target"_blank">Ouvrir</a>
8,Si_Alors,26/06/2011.html,0,Philo,<a href="mes_Travaux\html\0_Si_Alors_260611.html"  rel="noopener" target"_blank">Ouvrir</a>
9,Les limites de la pensée,21/01/2012,0,Philo,<a href="mes_Travaux\html\0_Les limites de la pensée_210112.html"  rel="noopener" target"_blank">Ouvrir</a>
10,L'Arbre des Séphiroth,29/09/2012,0,Symbolisme,<a href="mes_Travaux\html\0_Arbre des Séphiroth_290912.html"  rel="noopener" target"_blank">Ouvrir</a>
11,Religions&Laicité Le Judaisme,06/10/2012,0,TIO/TBF,<a href="mes_Travaux\html\0_Religions_et_Laicité_Judaisme_06102012.html"  rel="noopener" target"_blank">Ouvrir</a>
12,Alter Ego,21/05/2013,0,Philo,<a href="mes_Travaux\html\0_Alter_Ego_21052013.html"  rel="noopener" target"_blank">Ouvrir</a>
13,Le courage d'être,25/03/2016,0,Spiritualité,<a href="mes_Travaux\html\0_Le_Courage_d_Etre_25032016.html"  rel="noopener" target"_blank">Ouvrir</a>
14,Les_22_Lettres_hebraiques,07/02/2017,0,INEDIT,<a href="mes_Travaux\html\Hebreu\0_Les_22_Lettres_hebraiques_070217.html"  rel="noopener" target"_blank">Ouvrir</a>
15,Les_Sentiers_de_la_Sagesse,07/02/2017,0,INEDIT,<a href="mes_Travaux\html\Kabbale\0_Les_Sentiers_de_la_Sagesse_070217.html"  rel="noopener" target"_blank">Ouvrir</a>
16,Le_tablier,18/05/2001,1,Symbolisme,<a href="mes_Travaux\html\1_Le_tablier_18052001.html"  rel="noopener" target"_blank">Ouvrir</a>
17,La_lumiere,21/09/2001,1,Symbolisme,<a href="mes_Travaux\html\1_La_lumiere_21092001.html"  rel="noopener" target"_blank">Ouvrir</a>
18,Lumière&Spiritualité,10/06/2005,1,TIO/TBF,<a href="mes_Travaux\html\1_Lumière&Spiritualité_IntroTIO_10062005.html"  rel="noopener" target"_blank">Ouvrir</a>
19,Paradoxes et exigences du Sacré,16/12/2005,1,Symbolisme,<a href="mes_Travaux\html\1_Paradoxes et exigences du Sacré_16122005.html"  rel="noopener" target"_blank">Ouvrir</a>
20,Notre Débat,31/01/2006,1,INEDIT,<a href="mes_Travaux\html\1_Notre Débat_3112006.html"  rel="noopener" target"_blank">Ouvrir</a>
21,Justice et Pardon,19/05/2006,1,TIO/TBF,<a href="mes_Travaux\html\1_Justice et Pardon TIO_19052006.html" target"_blank">Ouvrir</a>
22,Le Messianisme,06/04/2007,1,Philo,<a href="mes_Travaux\html\1_Le Messianisme_01042007.html" target"_blank">Ouvrir</a>
23,Invocation Ouverture RER,19/12/2008,1,Rituel,<a href="mes_Travaux\html\1_Invocation_Ouverture_RER_19122008.html" target"_blank">Ouvrir</a>
24,L'amour,17/04/2009,1,Rituel,<a href="mes_Travaux\html\1_L'amour_17042009.html"  rel="noopener" target"_blank">Ouvrir</a>
25,Approche symbolique du pave mosaique,07/01/2010,1,Symbolisme,<a href="mes_Travaux\html\1_Approche symbolique du pave mosaique_07012010.html" target"_blank">Ouvrir</a>
26,Sens_des_symboles_G.Scholem,09/01/2000,1,Symbolisme,<a href="mes_Travaux\html\1_Sens_symboles_G.Scholem_090100.html"  rel="noopener" target"_blank">Ouvrir</a>
27,Masculin-Féminin,15/03/2010,1,TIO/TBF,<a href="mes_Travaux\html\1_Masculin-Féminin_TIO_15032010.html"  rel="noopener" target"_blank">Ouvrir</a>
28,L'usage de la parole,16/03/2010,1,Spiritualité,<a href="mes_Travaux\html\1_Usage de la parole_16032010.html"  rel="noopener" target"_blank">Ouvrir</a>
29,Valeurs et Spiritualité,30/04/2010,1,TIO/TBF,<a href="mes_Travaux\html\1_Valeurs et Spiritualite_30042010.html"  rel="noopener" target"_blank">Ouvrir</a>
30,La candeur,08/01/2011,1,Symbolisme,<a href="mes_Travaux\html\1_La candeur_08012011.html"  rel="noopener" target"_blank">Ouvrir</a>
31,Allegorie_Emulation,04/06/2011,1,Rituel,<a href="mes_Travaux\html\1_Allegorie_Emulation_04062011.html" target"_blank">Ouvrir</a>
32,La voie initiatique,14/02/2013,1,TIO/TBF,<a href="mes_Travaux\html\1_La voie initiatique_14022013.html"  rel="noopener" target"_blank">Ouvrir</a>
33,Constitutions Anderson,05/09/2014,1,Rituel,<a href="mes_Travaux\html\1_Constitutions_Anderson_05092014.html"  rel="noopener" target"_blank">Ouvrir</a>
34,Extraits_Rituel_RFT_1778,25/11/2014,1,INEDIT,<a href="mes_Travaux\html\1_Extraits_Rituel_1778_251114.html"  rel="noopener" target"_blank">Ouvrir</a>
35,Invariants du RFT,25/11/2014,1,INEDIT,<a href="mes_Travaux\html\1_Invariants du RFT_251114.html"  rel="noopener" target"_blank">Ouvrir</a>
36,Commentaire accords toltèques,19/05/2017,1,Spiritualité,<a href="mes_Travaux\html\1_Commentaire accords toltèques_19052017.html"  rel="noopener" target"_blank">Ouvrir</a>
37,Une Vérité Maçonnique,20/10/2017,1,Philo,<a href="mes_Travaux\html\1_Une Verite Maconnique_20102017.html"  rel="noopener" target"_blank">Ouvrir</a>
38,Propos sur La Tradition,16/03/2018,1,Rituel,<a href="mes_Travaux\html\1_Propos sur La Tradition_160318.html"  rel="noopener" target"_blank">Ouvrir</a>
39,Savoir et Connaissance,01/02/2019,1,Philo,<a href="mes_Travaux\html\1_Savoir et Connaissance_010219.html"  rel="noopener" target"_blank">Ouvrir</a>
40,Le Symbolique et le Sacré,06/03/2020,1,Symbolisme,<a href="mes_Travaux\html\1_Le Symbolique et le Sacré_060320.html"  rel="noopener" target"_blank">Ouvrir</a>
41,Obédiences par Ancienneté et Effectif,02/06/2019,1,Rituel,<a href="mes_Travaux\html\1_Obédiences par Ancienneté et Effectif_020619.html"  rel="noopener" target"_blank">Ouvrir</a>
42,Kabbale et FM,28/11/2022,1,Spiritualité,<a href="mes_Travaux\html\1_Kabbale et FM_28112022.html"  rel="noopener" target"_blank">Ouvrir</a>
43,La tempérance,07/09/2002,2,Rituel,<a href="mes_Travaux\html\2_La tempérance_07092002.html"  rel="noopener" target"_blank">Ouvrir</a>
44,Elitisme et exemplarité,02/05/2003,2,Rituel,<a href="mes_Travaux\html\2_Elitisme et exemplarite_02052003.html"  rel="noopener" target"_blank">Ouvrir</a>
45,Le_Courage,18/10/2004,2,Rituel,<a href="mes_Travaux\html\2_Le_Courage_18102004.html"  rel="noopener" target"_blank">Ouvrir</a>
46,La substitution,12/04/2010,3,Rituel,<a href="mes_Travaux\html\3_La substitution_12042010.html"  rel="noopener" target"_blank">Ouvrir</a>
47,Une étrange cérémonie,31/05/2013,3,Rituel,<a href="mes_Travaux\html\3_Une étrange cérémonie_TIO_31052013.html"  rel="noopener" target"_blank">Ouvrir</a>
48,Pluralité maconnique harmonieuse,29/06/2013,3,INEDIT,<a href="mes_Travaux\html\3_Pluralité maconnique harmonieuse_290613.html"  rel="noopener" target"_blank">Ouvrir</a>
49,Les Passeurs de Lumière,02/04/2011,4,Rituel,<a href="mes_Travaux\html\4_Les Passeurs de Lumiere_02042011.html" target"_blank">Ouvrir</a>
50,3..5..7,..,9..etc,10/09/2011,4,Symbolique,<a href="mes_Travaux\html\4_3..5..7..9..etc.html" target"_blank">Ouvrir</a>
51,Terrain glissant,21/11/2018,4,Rituel,<a href="mes_Travaux\html\4_Terrain glissant_211118.html" target"_blank">Ouvrir</a>
52,Quel avenir pour la FM,20/02/2021,4,Philo,<a href="mes_Travaux\html\4_Quel avenir pour la FM_20022021.html" target"_blank">Ouvrir</a>
53,Ordres de Sagesse et Universalité,20/11/2021,4,Rituel,<a href="mes_Travaux\html\4_Ordres de Sagesse et Universalité_201121.html" target"_blank">Ouvrir</a>
54,Elitisme_au 1er O,15/10/2022,4,Rituel,<a href="mes_Travaux\html\4_Elitisme_LPDL_15102022.html" target"_blank">Ouvrir</a>                             
55,La parole retrouvée,27/11/2013,5,Rituel,<a href="mes_Travaux\html\5_La parole retrouvée_27112013.html" target"_blank">Ouvrir</a>
56,Le grand écart,26/09/2014,6,Rituel,<a href="mes_Travaux\html\6_Le grand écart_26092014.html" target"_blank">Ouvrir</a>
57,Chev_O&O_Autre Pt de vue,27/11/2019,6,Rituel,<a href="mes_Travaux\html\6_Chev_O&O_Autre Pt de vue_27112019.html" target"_blank">Ouvrir</a>
58,Tout_CA_Pour_CA,08/04/2020,7,INEDIT,<a href="mes_Travaux\html\7_Tout_CA_Pour_CA_08042020.html" target"_blank">Ouvrir</a>